settlement_id,merchant_id,shop_id,merchant_country,requested_amount,dispute_rate,direct_traffic_ratio,conversion_rate_3d,automated_reconciliation_status,reconciliation_rule_summary
SET_200000,MCH_10000,SHP_50000,United States,613.12,0.1123,0.3302,0.0016,HOLD_ELEVATED_DISPUTE_RESERVE,Elevated Dispute Ratio / Traffic Anomaly
SET_200001,MCH_10001,SHP_50001,Australia,3662.15,0.0015,0.8831,0.1342,HOLD_ELEVATED_DISPUTE_RESERVE,Elevated Dispute Ratio / Traffic Anomaly
SET_200002,MCH_10002,SHP_50002,United States,1630.09,0.0067,0.2418,0.0278,AUTO_DISBURSE_APPROVED,Passed Standard Financial Reconciliation
SET_200003,MCH_10003,SHP_50003,Vietnam,1145.53,0.0297,0.2446,0.0587,ESCALATE_TIER2_FINANCE_SIGNOFF,"Large Disbursement Request (>= $10,000)"
SET_200004,MCH_10004,SHP_50004,Vietnam,253.55,0.0258,0.5176,0.0181,ESCALATE_TIER2_FINANCE_SIGNOFF,"Large Disbursement Request (>= $10,000)"
SET_200005,MCH_10005,SHP_50005,France,253.52,0.0002,0.1177,0.054,AUTO_DISBURSE_APPROVED,Passed Standard Financial Reconciliation
SET_200006,MCH_10006,SHP_50006,United States,121.81,0.0556,0.3127,0.1282,HOLD_ELEVATED_DISPUTE_RESERVE,Elevated Dispute Ratio / Traffic Anomaly
SET_200007,MCH_10007,SHP_50007,United States,2463.48,0.0044,0.3905,0.0569,AUTO_DISBURSE_APPROVED,Passed Standard Financial Reconciliation
SET_200008,MCH_10008,SHP_50008,France,1152.9,0.0552,0.4348,0.0256,HOLD_ELEVATED_DISPUTE_RESERVE,Elevated Dispute Ratio / Traffic Anomaly
SET_200009,MCH_10009,SHP_50009,Australia,1527.5,0.0146,0.1603,0.0286,AUTO_DISBURSE_APPROVED,Passed Standard Financial Reconciliation
SET_200010,MCH_10010,SHP_50010,Canada,74.96,0.0108,0.566,0.0039,AUTO_DISBURSE_APPROVED,Passed Standard Financial Reconciliation
SET_200011,MCH_10011,SHP_50011,United States,4254.27,0.011,0.6826,0.0171,AUTO_DISBURSE_APPROVED,Passed Standard Financial Reconciliation
SET_200012,MCH_10012,SHP_50012,United States,2193.72,0.008,0.3923,0.022,AUTO_DISBURSE_APPROVED,Passed Standard Financial Reconciliation
SET_200013,MCH_10013,SHP_50013,United Kingdom,336.43,0.0413,0.0483,0.0047,HOLD_ELEVATED_DISPUTE_RESERVE,Elevated Dispute Ratio / Traffic Anomaly
SET_200014,MCH_10014,SHP_50014,Germany,290.81,0.0359,0.8027,0.0352,HOLD_ELEVATED_DISPUTE_RESERVE,Elevated Dispute Ratio / Traffic Anomaly
SET_200015,MCH_10015,SHP_50015,Vietnam,293.13,0.0525,0.7889,0.0042,HOLD_ELEVATED_DISPUTE_RESERVE,Elevated Dispute Ratio / Traffic Anomaly
SET_200016,MCH_10016,SHP_50016,Vietnam,485.3,0.002,0.2277,0.02,AUTO_DISBURSE_APPROVED,Passed Standard Financial Reconciliation
SET_200017,MCH_10017,SHP_50017,United States,942.71,0.0099,0.4831,0.0578,AUTO_DISBURSE_APPROVED,Passed Standard Financial Reconciliation
SET_200018,MCH_10018,SHP_50018,Canada,728.64,0.0006,0.7775,0.0259,AUTO_DISBURSE_APPROVED,Passed Standard Financial Reconciliation
SET_200019,MCH_10019,SHP_50019,United States,463.07,0.0212,0.3306,0.0502,ESCALATE_TIER2_FINANCE_SIGNOFF,"Large Disbursement Request (>= $10,000)"
SET_200020,MCH_10020,SHP_50020,United States,1185.65,0.0098,0.5481,0.0053,AUTO_DISBURSE_APPROVED,Passed Standard Financial Reconciliation
SET_200021,MCH_10021,SHP_50021,Vietnam,230.28,0.002,0.2466,0.0176,AUTO_DISBURSE_APPROVED,Passed Standard Financial Reconciliation
SET_200022,MCH_10022,SHP_50022,Vietnam,464.62,0.0007,0.5077,0.0184,AUTO_DISBURSE_APPROVED,Passed Standard Financial Reconciliation
SET_200023,MCH_10023,SHP_50023,United States,597.53,0.0222,0.362,0.0035,ESCALATE_TIER2_FINANCE_SIGNOFF,"Large Disbursement Request (>= $10,000)"
SET_200024,MCH_10024,SHP_50024,United States,780.72,0.021,0.4033,0.0057,ESCALATE_TIER2_FINANCE_SIGNOFF,"Large Disbursement Request (>= $10,000)"
SET_200025,MCH_10000,SHP_50025,United Kingdom,1895.52,0.0161,0.5266,0.0655,ESCALATE_TIER2_FINANCE_SIGNOFF,"Large Disbursement Request (>= $10,000)"
SET_200026,MCH_10001,SHP_50026,United States,317.28,0.0131,0.4382,0.0388,AUTO_DISBURSE_APPROVED,Passed Standard Financial Reconciliation
SET_200027,MCH_10002,SHP_50027,Vietnam,916.43,0.0055,0.5937,0.0068,AUTO_DISBURSE_APPROVED,Passed Standard Financial Reconciliation
SET_200028,MCH_10003,SHP_50028,United States,1127.01,0.004,0.4856,0.0086,AUTO_DISBURSE_APPROVED,Passed Standard Financial Reconciliation
SET_200029,MCH_10004,SHP_50029,Vietnam,107.08,0.0161,0.142,0.0239,ESCALATE_TIER2_FINANCE_SIGNOFF,"Large Disbursement Request (>= $10,000)"
SET_200030,MCH_10005,SHP_50000,Vietnam,1172.4,0.0003,0.4827,0.0012,AUTO_DISBURSE_APPROVED,Passed Standard Financial Reconciliation
SET_200031,MCH_10006,SHP_50001,United States,274.35,0.0042,0.5458,0.0533,AUTO_DISBURSE_APPROVED,Passed Standard Financial Reconciliation
SET_200032,MCH_10007,SHP_50002,United States,130.72,0.0673,0.5754,0.0018,HOLD_ELEVATED_DISPUTE_RESERVE,Elevated Dispute Ratio / Traffic Anomaly
SET_200033,MCH_10008,SHP_50003,United States,3618.43,0.0612,0.5583,0.0077,HOLD_ELEVATED_DISPUTE_RESERVE,Elevated Dispute Ratio / Traffic Anomaly
SET_200034,MCH_10009,SHP_50004,United States,4094.76,0.0003,0.5262,0.0103,AUTO_DISBURSE_APPROVED,Passed Standard Financial Reconciliation
SET_200035,MCH_10010,SHP_50005,France,2032.8,0.0019,0.3229,0.0217,AUTO_DISBURSE_APPROVED,Passed Standard Financial Reconciliation
SET_200036,MCH_10011,SHP_50006,United States,485.95,0.0035,0.3713,0.0011,AUTO_DISBURSE_APPROVED,Passed Standard Financial Reconciliation
SET_200037,MCH_10012,SHP_50007,Canada,173.33,0.005,0.3361,0.0283,AUTO_DISBURSE_APPROVED,Passed Standard Financial Reconciliation
SET_200038,MCH_10013,SHP_50008,United States,1433.3,0.0609,0.5622,0.0029,HOLD_ELEVATED_DISPUTE_RESERVE,Elevated Dispute Ratio / Traffic Anomaly
SET_200039,MCH_10014,SHP_50009,United Kingdom,746.11,0.019,0.4563,0.0169,ESCALATE_TIER2_FINANCE_SIGNOFF,"Large Disbursement Request (>= $10,000)"
SET_200040,MCH_10015,SHP_50010,Canada,206.18,0.0188,0.584,0.0008,ESCALATE_TIER2_FINANCE_SIGNOFF,"Large Disbursement Request (>= $10,000)"
SET_200041,MCH_10016,SHP_50011,Vietnam,870.26,0.0708,0.357,0.0048,HOLD_ELEVATED_DISPUTE_RESERVE,Elevated Dispute Ratio / Traffic Anomaly
SET_200042,MCH_10017,SHP_50012,Vietnam,91.99,0.1367,0.4524,0.0245,HOLD_ELEVATED_DISPUTE_RESERVE,Elevated Dispute Ratio / Traffic Anomaly
SET_200043,MCH_10018,SHP_50013,Vietnam,2930.51,0.0056,0.3652,0.0027,AUTO_DISBURSE_APPROVED,Passed Standard Financial Reconciliation
SET_200044,MCH_10019,SHP_50014,United States,409.35,0.1022,0.7693,0.0313,HOLD_ELEVATED_DISPUTE_RESERVE,Elevated Dispute Ratio / Traffic Anomaly
SET_200045,MCH_10020,SHP_50015,Germany,1353.51,0.0105,0.7764,0.0085,AUTO_DISBURSE_APPROVED,Passed Standard Financial Reconciliation
SET_200046,MCH_10021,SHP_50016,Canada,498.26,0.0296,0.1499,0.0484,ESCALATE_TIER2_FINANCE_SIGNOFF,"Large Disbursement Request (>= $10,000)"
SET_200047,MCH_10022,SHP_50017,France,930.93,0.0455,0.2761,0.0258,HOLD_ELEVATED_DISPUTE_RESERVE,Elevated Dispute Ratio / Traffic Anomaly
SET_200048,MCH_10023,SHP_50018,United States,999.47,0.0094,0.2364,0.0039,AUTO_DISBURSE_APPROVED,Passed Standard Financial Reconciliation
SET_200049,MCH_10024,SHP_50019,United Kingdom,295.27,0.0284,0.11,0.0078,ESCALATE_TIER2_FINANCE_SIGNOFF,"Large Disbursement Request (>= $10,000)"
